client_code,item_number,item_description,Warehouse Name
CL004,ITEM1000,mesh wireless niches,Chalsa
CL006,ITEM1001,embrace global partnerships,Aguada
CL004,ITEM1002,deliver best-of-breed models,Chalsa
CL001,ITEM1003,unleash robust e-commerce,Chalsa
CL003,ITEM1004,reinvent magnetic technologies,Dallas
CL004,ITEM1005,grow strategic applications,Dallas
CL006,ITEM1006,envisioneer enterprise web services,Baga
CL003,ITEM1007,optimize viral web services,Dallas
CL002,ITEM1008,harness frictionless synergies,Aguada
CL006,ITEM1009,deliver proactive applications,Chalsa
CL003,ITEM1010,productize virtual solutions,Aguada
CL002,ITEM1011,target open-source niches,Aguada
CL003,ITEM1012,visualize compelling experiences,Dallas
CL002,ITEM1013,expedite ubiquitous e-business,Dallas
CL005,ITEM1014,incentivize back-end deliverables,Dallas
CL001,ITEM1015,deliver cutting-edge channels,Baga
CL001,ITEM1016,redefine end-to-end networks,Aguada
CL003,ITEM1017,strategize next-generation channels,Aguada
CL003,ITEM1018,unleash value-added e-business,Aguada
CL001,ITEM1019,cultivate integrated eyeballs,Baga
CL004,ITEM1020,orchestrate sticky supply-chains,Aguada
CL002,ITEM1021,implement synergistic e-commerce,Aguada
CL004,ITEM1022,benchmark 24/7 users,Baga
CL005,ITEM1023,expedite transparent markets,Dallas
CL006,ITEM1024,incentivize B2C technologies,Chalsa
CL001,ITEM1025,engage 24/365 e-commerce,Dallas
CL006,ITEM1026,morph leading-edge models,Dallas
CL002,ITEM1027,unleash 24/7 functionalities,Dallas
CL003,ITEM1028,transition vertical vortals,Dallas
CL005,ITEM1029,productize vertical partnerships,Baga
CL002,ITEM1030,extend enterprise applications,Dallas
CL002,ITEM1031,reinvent virtual infrastructures,Chalsa
CL002,ITEM1032,redefine mission-critical e-markets,Baga
CL004,ITEM1033,maximize sticky experiences,Aguada
CL006,ITEM1034,unleash dot-com interfaces,Dallas
CL003,ITEM1035,re-intermediate open-source channels,Dallas
CL006,ITEM1036,harness magnetic deliverables,Baga
CL005,ITEM1037,innovate bleeding-edge info-mediaries,Baga
CL003,ITEM1038,re-contextualize user-centric schemas,Chalsa
CL003,ITEM1039,maximize sticky schemas,Chalsa
CL005,ITEM1040,redefine enterprise networks,Dallas
CL005,ITEM1041,aggregate one-to-one platforms,Baga
CL006,ITEM1042,deploy dynamic supply-chains,Dallas
CL002,ITEM1043,streamline best-of-breed e-services,Dallas
CL003,ITEM1044,engage ubiquitous interfaces,Aguada
CL006,ITEM1045,transition revolutionary paradigms,Chalsa
CL005,ITEM1046,integrate plug-and-play info-mediaries,Aguada
CL001,ITEM1047,benchmark dynamic interfaces,Chalsa
CL006,ITEM1048,repurpose mission-critical schemas,Dallas
CL006,ITEM1049,utilize visionary e-business,Chalsa
CL003,ITEM1050,morph ubiquitous content,Dallas
CL001,ITEM1051,drive strategic e-tailers,Dallas
CL002,ITEM1052,visualize sticky niches,Dallas
CL004,ITEM1053,re-contextualize real-time synergies,Dallas
CL001,ITEM1054,maximize user-centric models,Chalsa
CL006,ITEM1055,visualize rich content,Baga
CL001,ITEM1056,drive front-end users,Chalsa
CL004,ITEM1057,target clicks-and-mortar bandwidth,Dallas
CL003,ITEM1058,cultivate magnetic platforms,Dallas
CL005,ITEM1059,integrate plug-and-play markets,Chalsa
CL002,ITEM1060,facilitate plug-and-play action-items,Dallas
CL001,ITEM1061,extend visionary web-readiness,Dallas
CL005,ITEM1062,revolutionize distributed technologies,Baga
CL005,ITEM1063,productize plug-and-play users,Dallas
CL005,ITEM1064,morph 24/365 e-business,Baga
CL001,ITEM1065,aggregate rich web-readiness,Baga
CL004,ITEM1066,synergize strategic users,Dallas
CL003,ITEM1067,implement innovative eyeballs,Dallas
CL004,ITEM1068,seize wireless synergies,Aguada
CL006,ITEM1069,synergize dynamic bandwidth,Chalsa
CL006,ITEM1070,monetize mission-critical communities,Dallas
CL004,ITEM1071,iterate interactive synergies,Dallas
CL004,ITEM1072,transform visionary e-tailers,Chalsa
CL006,ITEM1073,target customized technologies,Dallas
CL006,ITEM1074,monetize compelling networks,Aguada
CL005,ITEM1075,orchestrate rich action-items,Dallas
CL006,ITEM1076,synergize global applications,Dallas
CL001,ITEM1077,implement compelling channels,Baga
CL005,ITEM1078,matrix innovative web-readiness,Dallas
CL002,ITEM1079,syndicate dynamic communities,Baga
CL006,ITEM1080,syndicate customized eyeballs,Dallas
CL006,ITEM1081,benchmark 24/7 eyeballs,Aguada
CL002,ITEM1082,strategize open-source e-tailers,Dallas
CL004,ITEM1083,re-contextualize dynamic technologies,Dallas
CL005,ITEM1084,benchmark dot-com niches,Dallas
CL002,ITEM1085,morph holistic convergence,Baga
CL006,ITEM1086,e-enable transparent bandwidth,Dallas
CL002,ITEM1087,re-contextualize bleeding-edge technologies,Baga
CL002,ITEM1088,integrate user-centric channels,Dallas
CL002,ITEM1089,scale web-enabled supply-chains,Dallas
CL005,ITEM1090,e-enable e-business e-services,Dallas
CL006,ITEM1091,integrate one-to-one networks,Dallas
CL004,ITEM1092,matrix compelling deliverables,Baga
CL006,ITEM1093,target interactive functionalities,Dallas
CL003,ITEM1094,harness viral schemas,Dallas
CL006,ITEM1095,morph dynamic web-readiness,Baga
CL001,ITEM1096,maximize integrated vortals,Baga
CL005,ITEM1097,synthesize clicks-and-mortar e-business,Chalsa
CL001,ITEM1098,transition virtual supply-chains,Dallas
CL006,ITEM1099,harness 24/365 applications,Dallas
CL002,ITEM1100,aggregate wireless metrics,Dallas
CL002,ITEM1101,implement open-source action-items,Dallas
CL004,ITEM1102,synthesize visionary platforms,Aguada
CL004,ITEM1103,redefine open-source vortals,Dallas
CL001,ITEM1104,embrace innovative systems,Aguada
CL006,ITEM1105,expedite scalable schemas,Baga
CL006,ITEM1106,repurpose seamless markets,Aguada
CL005,ITEM1107,streamline 24/7 bandwidth,Dallas
CL003,ITEM1108,deliver one-to-one models,Chalsa
CL003,ITEM1109,orchestrate bleeding-edge initiatives,Aguada
CL004,ITEM1110,envisioneer 24/365 content,Baga
CL004,ITEM1111,harness best-of-breed paradigms,Dallas
CL006,ITEM1112,utilize web-enabled methodologies,Dallas
CL002,ITEM1113,repurpose strategic vortals,Aguada
CL004,ITEM1114,strategize out-of-the-box users,Chalsa
CL001,ITEM1115,morph B2B methodologies,Aguada
CL003,ITEM1116,re-intermediate integrated technologies,Dallas
CL005,ITEM1117,leverage 24/365 portals,Aguada
CL002,ITEM1118,drive 24/365 paradigms,Dallas
CL002,ITEM1119,drive B2B niches,Dallas
CL006,ITEM1120,innovate interactive schemas,Aguada
CL006,ITEM1121,morph next-generation action-items,Chalsa
CL002,ITEM1122,e-enable collaborative systems,Dallas
CL003,ITEM1123,disintermediate bleeding-edge e-markets,Aguada
CL003,ITEM1124,deliver cutting-edge supply-chains,Baga
CL006,ITEM1125,re-intermediate mission-critical initiatives,Dallas
CL005,ITEM1126,incubate proactive schemas,Baga
CL006,ITEM1127,seize extensible functionalities,Dallas
CL002,ITEM1128,synthesize enterprise info-mediaries,Chalsa
CL004,ITEM1129,incubate value-added mindshare,Baga
CL003,ITEM1130,seize customized schemas,Dallas
CL004,ITEM1131,re-intermediate frictionless architectures,Baga
CL005,ITEM1132,visualize impactful niches,Chalsa
CL002,ITEM1133,innovate out-of-the-box supply-chains,Aguada
CL004,ITEM1134,cultivate integrated users,Chalsa
CL001,ITEM1135,utilize interactive bandwidth,Dallas
CL003,ITEM1136,transform killer e-services,Baga
CL005,ITEM1137,incubate efficient vortals,Dallas
CL006,ITEM1138,e-enable compelling eyeballs,Chalsa
CL003,ITEM1139,orchestrate cutting-edge initiatives,Dallas
CL002,ITEM1140,seize best-of-breed e-services,Chalsa
CL005,ITEM1141,seize interactive e-markets,Aguada
CL005,ITEM1142,syndicate global e-services,Dallas
CL003,ITEM1143,monetize dot-com users,Aguada
CL001,ITEM1144,incubate value-added architectures,Chalsa
CL006,ITEM1145,drive end-to-end users,Chalsa
CL005,ITEM1146,integrate web-enabled mindshare,Dallas
CL003,ITEM1147,revolutionize killer schemas,Dallas
CL004,ITEM1148,orchestrate turn-key portals,Baga
CL003,ITEM1149,re-contextualize bricks-and-clicks e-markets,Baga
CL001,ITEM1150,scale front-end vortals,Chalsa
CL004,ITEM1151,disintermediate next-generation technologies,Aguada
CL001,ITEM1152,deliver dynamic partnerships,Chalsa
CL006,ITEM1153,iterate compelling portals,Baga
CL002,ITEM1154,redefine dot-com web-readiness,Chalsa
CL004,ITEM1155,re-contextualize plug-and-play architectures,Dallas
CL006,ITEM1156,evolve best-of-breed technologies,Baga
CL003,ITEM1157,embrace vertical e-commerce,Baga
CL003,ITEM1158,repurpose innovative interfaces,Aguada
CL006,ITEM1159,disintermediate intuitive systems,Chalsa
CL001,ITEM1160,optimize customized infrastructures,Baga
CL005,ITEM1161,drive vertical infrastructures,Aguada
CL005,ITEM1162,morph value-added e-markets,Dallas
CL006,ITEM1163,reinvent end-to-end users,Chalsa
CL004,ITEM1164,facilitate clicks-and-mortar metrics,Chalsa
CL004,ITEM1165,iterate enterprise metrics,Dallas
CL002,ITEM1166,disintermediate web-enabled portals,Aguada
CL002,ITEM1167,synthesize rich paradigms,Dallas
CL004,ITEM1168,incentivize mission-critical info-mediaries,Dallas
CL006,ITEM1169,matrix mission-critical interfaces,Aguada
CL002,ITEM1170,re-intermediate vertical schemas,Chalsa
CL006,ITEM1171,implement end-to-end bandwidth,Dallas
CL003,ITEM1172,redefine 24/365 vortals,Dallas
CL002,ITEM1173,implement extensible action-items,Aguada
CL003,ITEM1174,visualize bricks-and-clicks niches,Baga
CL005,ITEM1175,streamline killer systems,Baga
CL006,ITEM1176,enhance scalable solutions,Dallas
CL006,ITEM1177,revolutionize seamless e-markets,Baga
CL006,ITEM1178,leverage back-end content,Aguada
CL006,ITEM1179,empower frictionless vortals,Baga
CL003,ITEM1180,embrace synergistic partnerships,Baga
CL002,ITEM1181,implement intuitive users,Dallas
CL004,ITEM1182,empower web-enabled metrics,Baga
CL005,ITEM1183,exploit efficient initiatives,Chalsa
CL005,ITEM1184,enhance magnetic communities,Dallas
CL001,ITEM1185,scale synergistic paradigms,Chalsa
CL002,ITEM1186,generate cross-media synergies,Dallas
CL002,ITEM1187,expedite holistic web-readiness,Aguada
CL006,ITEM1188,leverage dot-com e-services,Baga
CL004,ITEM1189,utilize enterprise relationships,Chalsa
CL005,ITEM1190,unleash world-class partnerships,Chalsa
CL005,ITEM1191,re-intermediate robust architectures,Dallas
CL006,ITEM1192,disintermediate strategic interfaces,Dallas
CL001,ITEM1193,morph bleeding-edge web services,Aguada
CL004,ITEM1194,repurpose synergistic synergies,Dallas
CL004,ITEM1195,innovate visionary bandwidth,Chalsa
CL005,ITEM1196,harness compelling eyeballs,Chalsa
CL005,ITEM1197,seize 24/365 systems,Dallas
CL003,ITEM1198,utilize one-to-one applications,Aguada
CL002,ITEM1199,visualize end-to-end platforms,Dallas
